{"ParamEyeROpen": 0.09793708473443985, "ParamMouthOpenY": 0.053162384778261185, "ParamEyeLOpen": 0.09783295542001724, "ParamMouthForm": 0.0, "_timestamp": 1752087521327, "_face_found": true}